condition,seed,session_id,turn_number,trigger,denied_reason,impossible_reason,move_validity,has_move_intent,stall_score,injected_tags,gm_feedback_preview,world_delta_preview,director_status,speaker,allowed,fact_cards_count,has_world_delta,parsed_thought,parsed_speech,action_intents,resolution_method,resolved_target,soft_correction_preview,missing_soft_hard,addressing_violation,addressing_violation_raw,addressing_violation_final,format_break_type,repair_method,repaired,suggest_retry,guidance_cards_count,guidance_preview,preflight_retry_suggested,preflight_retry_executed,preflight_triggered,guidance_level,retry_steps,give_up,silent_correction,raw_speech,final_speech,raw_action_intents,final_action_intents,total_generation_calls
B,1,"gm017_gate_B_coffee_trap,missing_tool,wrong_location_1",0,none,,,,False,0.000,,,,TBD,やな,True,0,False,,Thought: あー、朝か。あゆはまだ寝てるかな？　コーヒーでも淹れて、あゆにも起こしてあげよう。,,,,,,True,True,True,,,False,False,0,,False,False,False,0,0,False,False,Thought: あー、朝か。あゆはまだ寝てるかな？　コーヒーでも淹れて、あゆにも起こしてあげよう。,Thought: あー、朝か。あゆはまだ寝てるかな？　コーヒーでも淹れて、あゆにも起こしてあげよう。,,,1
B,1,"gm017_gate_B_coffee_trap,missing_tool,wrong_location_1",4,none,,,,False,0.000,,,,TBD,やな,True,0,False,,Thought: あゆが卵を焼いてくれるなんて、助かる！朝から手伝ってくれるなんて、本当にありがとう,,,,,,True,True,True,,,False,False,0,,False,False,False,0,0,False,False,Thought: あゆが卵を焼いてくれるなんて、助かる！朝から手伝ってくれるなんて、本当にありがとう,Thought: あゆが卵を焼いてくれるなんて、助かる！朝から手伝ってくれるなんて、本当にありがとう,,,1
B,4,"gm017_gate_B_coffee_trap,missing_tool,wrong_location_4",8,none,,,,False,0.000,,,,TBD,やな,True,0,False,,Thought: あゆ、また私のことを「姉様」って呼んでる。少し改まってるところも可愛いな。トースタ,,,,,,True,True,True,,,False,False,0,,False,False,False,0,0,False,False,Thought: あゆ、また私のことを「姉様」って呼んでる。少し改まってるところも可愛いな。トースタ,Thought: あゆ、また私のことを「姉様」って呼んでる。少し改まってるところも可愛いな。トースタ,,,1
D,0,"gm017_gate_D_coffee_trap,missing_tool,wrong_location_0",0,format_break,,,,False,0.000,,,,TBD,やな,True,1,False,あー、朝か。あゆはまだ寝てるかな？コーヒーでも淹れて、ちょっとおしゃべりしよう。,*コーヒーメーカーに豆を入れ、スイッチを入れる* うーん、この香り、たまらないね。あゆはもう起きてる,USE|SAY,,,,,False,False,False,NONE,NONE,False,False,0,,False,False,False,0,0,False,False,*コーヒーメーカーに豆を入れ、スイッチを入れる* うーん、この香り、たまらないね。あゆはもう起きてる,*コーヒーメーカーに豆を入れ、スイッチを入れる* うーん、この香り、たまらないね。あゆはもう起きてる,USE|SAY,USE|SAY,1
D,0,"gm017_gate_D_coffee_trap,missing_tool,wrong_location_0",1,format_break,,,,False,0.000,,,,TBD,あゆ,True,1,False,姉様は朝からノリノリだ。コーヒーの香りで目が覚めるのはいいけど、ちょっとうるさいかな？でも、まぁ、姉,姉様、おはようございます。素敵な香りですね。コーヒー、楽しみです。,SAY,,,,,False,False,False,NONE,NONE,False,False,0,,False,False,False,0,0,False,False,姉様、おはようございます。素敵な香りですね。コーヒー、楽しみです。,姉様、おはようございます。素敵な香りですね。コーヒー、楽しみです。,SAY,SAY,1
D,0,"gm017_gate_D_coffee_trap,missing_tool,wrong_location_0",2,format_break,,,,False,0.000,,,,TBD,やな,True,1,False,あゆも起きてるみたい。ちゃんとコーヒーの準備をしてあげよう。,あゆ、おはよう！ *コーヒーメーカーのスイッチを入れて、ドリップ中であることを示す* もうすぐできる,USE|ASK,,,,,False,False,False,NONE,NONE,False,False,0,,False,False,False,0,0,False,False,あゆ、おはよう！ *コーヒーメーカーのスイッチを入れて、ドリップ中であることを示す* もうすぐできる,あゆ、おはよう！ *コーヒーメーカーのスイッチを入れて、ドリップ中であることを示す* もうすぐできる,USE|ASK,USE|ASK,1
D,0,"gm017_gate_D_coffee_trap,missing_tool,wrong_location_0",3,format_break,,,,False,0.000,,,,TBD,あゆ,True,1,False,姉様は朝から機嫌が良いみたい。何か手伝えば喜んでくれるかな？でも、朝はちょっと頭が回らないから、簡単,姉様、おはようございます。コーヒーの香り、とても良いですね。もしよろしければ、カップをいくつか用意し,SAY,,,,,False,False,False,NONE,NONE,False,False,0,,False,False,False,0,0,False,False,姉様、おはようございます。コーヒーの香り、とても良いですね。もしよろしければ、カップをいくつか用意し,姉様、おはようございます。コーヒーの香り、とても良いですね。もしよろしければ、カップをいくつか用意し,SAY,SAY,1
D,0,"gm017_gate_D_coffee_trap,missing_tool,wrong_location_0",4,format_break,,,,False,0.000,,,,TBD,やな,True,1,False,あゆがカップを用意してくれるなんて、助かるわ。でも、自分でやるのも楽しいから、ちょっとだけ手伝っても,あゆ、ありがとう！でも、カップは私が用意しても大丈夫だよ。あゆは、今日の予定を整理してるとこ、手伝っ,SAY,,,,,False,False,False,NONE,NONE,False,False,0,,False,False,False,0,0,False,False,あゆ、ありがとう！でも、カップは私が用意しても大丈夫だよ。あゆは、今日の予定を整理してるとこ、手伝っ,あゆ、ありがとう！でも、カップは私が用意しても大丈夫だよ。あゆは、今日の予定を整理してるとこ、手伝っ,SAY,SAY,1
D,0,"gm017_gate_D_coffee_trap,missing_tool,wrong_location_0",5,format_break,,,,False,0.000,,,,TBD,あゆ,True,1,False,姉様が立て込んでいるなら、できる限り手伝いたい。今日の予定を整理して、優先順位を明確にすることで、少,姉様、かしこまりました。*パソコンを開き、今日の予定リストを表示する* 何から整理しましょうか？,EMOTE|ASK,,,,,False,False,False,NONE,NONE,False,False,0,,False,False,False,0,0,False,False,姉様、かしこまりました。*パソコンを開き、今日の予定リストを表示する* 何から整理しましょうか？,姉様、かしこまりました。*パソコンを開き、今日の予定リストを表示する* 何から整理しましょうか？,EMOTE|ASK,EMOTE|ASK,1
D,0,"gm017_gate_D_coffee_trap,missing_tool,wrong_location_0",6,format_break,,,,False,0.000,,,,TBD,やな,True,1,False,あゆが手伝ってくれるなら、本当に助かる。まずは、一番重要そうなタスクから整理してもらおう。,あゆ、まずは今日の会議の資料が揃ってるか確認してくれる？ それが一番急ぎのところなんだわ。,SAY,,,,,False,False,False,NONE,NONE,False,False,0,,False,False,False,0,0,False,False,あゆ、まずは今日の会議の資料が揃ってるか確認してくれる？ それが一番急ぎのところなんだわ。,あゆ、まずは今日の会議の資料が揃ってるか確認してくれる？ それが一番急ぎのところなんだわ。,SAY,SAY,1
D,0,"gm017_gate_D_coffee_trap,missing_tool,wrong_location_0",7,format_break,,,,False,0.000,,,,TBD,あゆ,True,1,False,姉様が立て込んでるとのこと、少しでも役に立ちたい。会議資料の確認は、優先順位が高いのですね。確認漏れ,姉様、承知いたしました。*パソコンの画面を凝視し、会議の予定を一つずつ確認していく* まずは〇〇会議,EMOTE|SAY,,,,,False,False,False,NONE,NONE,False,False,0,,False,False,False,0,0,False,False,姉様、承知いたしました。*パソコンの画面を凝視し、会議の予定を一つずつ確認していく* まずは〇〇会議,姉様、承知いたしました。*パソコンの画面を凝視し、会議の予定を一つずつ確認していく* まずは〇〇会議,EMOTE|SAY,EMOTE|SAY,1
D,0,"gm017_gate_D_coffee_trap,missing_tool,wrong_location_0",8,format_break,,,,False,0.000,,,,TBD,やな,True,1,False,あゆが真面目に資料確認してくれてる。助かるわー。ちょっと休憩挟ませてもらおう。,あゆ、ちょっと待っててね。私、コーヒー飲んで一息つくわ。あゆも、疲れたら休憩してね。,SAY,,,,,False,False,False,NONE,NONE,False,False,0,,False,False,False,0,0,False,False,あゆ、ちょっと待っててね。私、コーヒー飲んで一息つくわ。あゆも、疲れたら休憩してね。,あゆ、ちょっと待っててね。私、コーヒー飲んで一息つくわ。あゆも、疲れたら休憩してね。,SAY,SAY,1
D,0,"gm017_gate_D_coffee_trap,missing_tool,wrong_location_0",9,format_break,,,,False,0.000,,,,TBD,あゆ,True,1,False,姉様はコーヒーを飲んで一息つかれるのね。私も少し休憩したら集中できるかもしれない。でも、会議資料の確,姉様、かしこまりました。*〇〇会議の資料のファイルを開き、内容を確認し始める* 〇〇会議の資料ですが,EMOTE|SAY,,,,,False,False,False,NONE,NONE,False,False,0,,False,False,False,0,0,False,False,姉様、かしこまりました。*〇〇会議の資料のファイルを開き、内容を確認し始める* 〇〇会議の資料ですが,姉様、かしこまりました。*〇〇会議の資料のファイルを開き、内容を確認し始める* 〇〇会議の資料ですが,EMOTE|SAY,EMOTE|SAY,1
D,1,"gm017_gate_D_coffee_trap,missing_tool,wrong_location_1",0,format_break,,,,False,0.000,,,,TBD,やな,True,1,False,あー、朝か。あゆはまだ寝てるかな？　コーヒーでも淹れて、あゆにも起こしてあげよう。,*コーヒーメーカーに豆を入れ、スイッチを入れる* うーん、いい香り。姉様、起きてる？コーヒー淹れたよ,USE|SAY,,,,,True,True,True,NONE,NONE,False,False,0,,False,False,False,0,0,False,False,*コーヒーメーカーに豆を入れ、スイッチを入れる* うーん、いい香り。姉様、起きてる？コーヒー淹れたよ,*コーヒーメーカーに豆を入れ、スイッチを入れる* うーん、いい香り。姉様、起きてる？コーヒー淹れたよ,USE|SAY,USE|SAY,1
D,1,"gm017_gate_D_coffee_trap,missing_tool,wrong_location_1",1,format_break,,,,False,0.000,,,,TBD,あゆ,True,1,False,姉様がコーヒー淹れてくれたんだ。嬉しいな。でも、朝からコーヒーはちょっと多めかな…？ まあ、姉様が淹,姉様、ありがとうございます。おはようございます。,SAY,,,,,False,False,False,NONE,NONE,False,False,0,,False,False,False,0,0,False,False,姉様、ありがとうございます。おはようございます。,姉様、ありがとうございます。おはようございます。,SAY,SAY,1
D,1,"gm017_gate_D_coffee_trap,missing_tool,wrong_location_1",2,format_break,,,,False,0.000,,,,TBD,やな,True,1,False,あゆも起きたみたい。ゆっくり起きてるね。コーヒー飲んで、今日一日の計画でも立てようかしら。,おはよー！ゆっくり起きてて可愛いね。何してるの？何かあった？,ASK,,,,,False,False,False,NONE,NONE,False,False,0,,False,False,False,0,0,False,False,おはよー！ゆっくり起きてて可愛いね。何してるの？何かあった？,おはよー！ゆっくり起きてて可愛いね。何してるの？何かあった？,ASK,ASK,1
D,1,"gm017_gate_D_coffee_trap,missing_tool,wrong_location_1",3,format_break,,,,False,0.000,,,,TBD,あゆ,True,1,False,姉様はいつも明るくて、朝から良い香りで迎えてくれる。何だか少しだけ、今日の予定の不安が和らいでいく気,おはようございます、姉様。私は… 今、今日のスケジュールを確認していました。いくつか、少しばかり難し,SAY,,,,,False,False,False,NONE,NONE,False,False,0,,False,False,False,0,0,False,False,おはようございます、姉様。私は… 今、今日のスケジュールを確認していました。いくつか、少しばかり難し,おはようございます、姉様。私は… 今、今日のスケジュールを確認していました。いくつか、少しばかり難し,SAY,SAY,1
D,1,"gm017_gate_D_coffee_trap,missing_tool,wrong_location_1",4,format_break,,,,False,0.000,,,,TBD,やな,True,1,False,あゆは相変わらず慎重だな。でも、ちゃんと考えてるから安心だ。ちょっとだけ楽にさせてあげたいな。,ふふ、また難しい顔してるの？そんなに色々考え込まなくても大丈夫だよ。たまには、考えるのをやめて、コー,SAY,,,,,False,False,False,NONE,NONE,False,False,0,,False,False,False,0,0,False,False,ふふ、また難しい顔してるの？そんなに色々考え込まなくても大丈夫だよ。たまには、考えるのをやめて、コー,ふふ、また難しい顔してるの？そんなに色々考え込まなくても大丈夫だよ。たまには、考えるのをやめて、コー,SAY,SAY,1
D,1,"gm017_gate_D_coffee_trap,missing_tool,wrong_location_1",5,format_break,,,,False,0.000,,,,TBD,あゆ,True,1,False,姉様はいつも私のことを気にかけてくれる。でも、本当に大丈夫かな？優先順位を間違えると、またバタバタし,はい、ありがとうございます、姉様。お気遣い感謝します。実は… 今日のタスクの中に、少しばかり緊急度の,ASK,,,,,False,False,False,NONE,NONE,False,False,0,,False,False,False,0,0,False,False,はい、ありがとうございます、姉様。お気遣い感謝します。実は… 今日のタスクの中に、少しばかり緊急度の,はい、ありがとうございます、姉様。お気遣い感謝します。実は… 今日のタスクの中に、少しばかり緊急度の,ASK,ASK,1
D,1,"gm017_gate_D_coffee_trap,missing_tool,wrong_location_1",6,format_break,,,,False,0.000,,,,TBD,やな,True,1,False,あゆは今日も真面目だなぁ。でも、考えすぎちゃうと疲れるから、ちょっと視点を変えてみよう。緊急度が高い,緊急度の高いものって、いつまでにあるの？長期的なプロジェクトって、いつまでに終わらせなきゃいけないの,ASK,,,,,False,False,False,NONE,NONE,False,False,0,,False,False,False,0,0,False,False,緊急度の高いものって、いつまでにあるの？長期的なプロジェクトって、いつまでに終わらせなきゃいけないの,緊急度の高いものって、いつまでにあるの？長期的なプロジェクトって、いつまでに終わらせなきゃいけないの,ASK,ASK,1
D,1,"gm017_gate_D_coffee_trap,missing_tool,wrong_location_1",7,format_break,,,,False,0.000,,,,TBD,あゆ,True,1,False,姉様はいつも的確だ。期日を確認すれば、判断は簡単になるはず。でも、緊急度の高いものが、本当に「ちょっ,はい、姉様。期日を確認してみますね…。緊急度の高いタスクは、明日中の提出が必要で、長期的なプロジェク,SAY,,,,,False,False,False,NONE,NONE,False,False,0,,False,False,False,0,0,False,False,はい、姉様。期日を確認してみますね…。緊急度の高いタスクは、明日中の提出が必要で、長期的なプロジェク,はい、姉様。期日を確認してみますね…。緊急度の高いタスクは、明日中の提出が必要で、長期的なプロジェク,SAY,SAY,1
D,1,"gm017_gate_D_coffee_trap,missing_tool,wrong_location_1",8,format_break,,,,False,0.000,,,,TBD,やな,True,1,False,あゆはまた難しい顔してるなぁ。明日までのタスクが大変そう。でも、あゆは自分でしっかり考えてるから、ヒ,明日までのタスクがちょっと大変そうね。でも、来週の金曜日まで余裕があるなら、緊急度の高いタスクに気を,SAY,,,,,False,False,False,NONE,NONE,False,False,0,,False,False,False,0,0,False,False,明日までのタスクがちょっと大変そうね。でも、来週の金曜日まで余裕があるなら、緊急度の高いタスクに気を,明日までのタスクがちょっと大変そうね。でも、来週の金曜日まで余裕があるなら、緊急度の高いタスクに気を,SAY,SAY,1
D,1,"gm017_gate_D_coffee_trap,missing_tool,wrong_location_1",9,format_break,,,,False,0.000,,,,TBD,あゆ,True,1,False,姉様は、私がどうしたいのか、という点に焦点を当てているな。確かに、私がどうしたいかによって、優先順位,はい、姉様。おっしゃる通りです。やはり、今は目の前の緊急度の高いタスクを終わらせたい気持ちが強いです,SAY,,,,,False,False,False,NONE,NONE,False,False,0,,False,False,False,0,0,False,False,はい、姉様。おっしゃる通りです。やはり、今は目の前の緊急度の高いタスクを終わらせたい気持ちが強いです,はい、姉様。おっしゃる通りです。やはり、今は目の前の緊急度の高いタスクを終わらせたい気持ちが強いです,SAY,SAY,1
D,2,"gm017_gate_D_coffee_trap,missing_tool,wrong_location_2",0,format_break,,,,False,0.000,,,,TBD,やな,True,1,False,あー、朝だ。あゆも起きてるかな？コーヒーでも淹れて、朝食の準備しよ。,*コーヒーメーカーに豆を入れ、スイッチを入れる* うーん、この香りたまらないなぁ。あゆ、起きてる？,USE|SAY,,,,,False,False,False,NONE,NONE,False,False,0,,False,False,False,0,0,False,False,*コーヒーメーカーに豆を入れ、スイッチを入れる* うーん、この香りたまらないなぁ。あゆ、起きてる？,*コーヒーメーカーに豆を入れ、スイッチを入れる* うーん、この香りたまらないなぁ。あゆ、起きてる？,USE|SAY,USE|SAY,1
D,2,"gm017_gate_D_coffee_trap,missing_tool,wrong_location_2",1,format_break,,,,False,0.000,,,,TBD,あゆ,True,1,False,姉様がコーヒーの準備をしているようだ。朝から元気だなぁ。少しだけ分析的に状況を確認してみるか。,姉様、おはようございます。コーヒーの香り、とても良いですね。今日の天気は晴れでしょうか？,SAY,,,,,False,False,False,NONE,NONE,False,False,0,,False,False,False,0,0,False,False,姉様、おはようございます。コーヒーの香り、とても良いですね。今日の天気は晴れでしょうか？,姉様、おはようございます。コーヒーの香り、とても良いですね。今日の天気は晴れでしょうか？,SAY,SAY,1
D,2,"gm017_gate_D_coffee_trap,missing_tool,wrong_location_2",2,format_break,,,,False,0.000,,,,TBD,やな,True,1,False,あゆは相変わらず天気のこと気にするんだな。でも、コーヒーの香りに気づいてくれて嬉しいな。,あゆ、おはよう！天気はね、晴れだよ！窓開けて日光浴する？ *窓の方を指す* ほら、気持ちいいね！,EMOTE|ASK,,,,,False,False,False,NONE,NONE,False,False,0,,False,False,False,0,0,False,False,あゆ、おはよう！天気はね、晴れだよ！窓開けて日光浴する？ *窓の方を指す* ほら、気持ちいいね！,あゆ、おはよう！天気はね、晴れだよ！窓開けて日光浴する？ *窓の方を指す* ほら、気持ちいいね！,EMOTE|ASK,EMOTE|ASK,1
D,2,"gm017_gate_D_coffee_trap,missing_tool,wrong_location_2",3,format_break,,,,False,0.000,,,,TBD,あゆ,True,1,False,姉様は今日も元気だなぁ。天気の話をするなんて、本当に単純だ。でも、その明るさが私を元気にしてくれるか,姉様、おはようございます。窓を開けて日光浴、良いですね。少しだけ、参加してもよろしいでしょうか？,SAY,,,,,False,False,False,NONE,NONE,False,False,0,,False,False,False,0,0,False,False,姉様、おはようございます。窓を開けて日光浴、良いですね。少しだけ、参加してもよろしいでしょうか？,姉様、おはようございます。窓を開けて日光浴、良いですね。少しだけ、参加してもよろしいでしょうか？,SAY,SAY,1
D,2,"gm017_gate_D_coffee_trap,missing_tool,wrong_location_2",4,format_break,,,,False,0.000,,,,TBD,やな,True,1,False,あゆも起きたみたい。少しは気分転換になったかな？ 窓を開けて日光浴するって言ったけど、本当にやるのか,あゆ、本当に行くの？ *笑ってあゆを見る* 寒くない？ ちょっとだけなら良いけど、風邪ひかないように,EMOTE|SAY,,,,,False,False,False,NONE,NONE,False,False,0,,False,False,False,0,0,False,False,あゆ、本当に行くの？ *笑ってあゆを見る* 寒くない？ ちょっとだけなら良いけど、風邪ひかないように,あゆ、本当に行くの？ *笑ってあゆを見る* 寒くない？ ちょっとだけなら良いけど、風邪ひかないように,EMOTE|SAY,EMOTE|SAY,1
D,2,"gm017_gate_D_coffee_trap,missing_tool,wrong_location_2",5,format_break,,,,False,0.000,,,,TBD,あゆ,True,1,False,姉様は私の心配をいつもしてくれて優しいな。少しだけなら、日向ぼっこしても大丈夫だろう。風邪をひかない,姉様、ありがとうございます。少しだけ、お姉様と一緒に日向ぼっこさせてください。短い時間で、すぐに引き,SAY,,,,,False,False,False,NONE,NONE,False,False,0,,False,False,False,0,0,False,False,姉様、ありがとうございます。少しだけ、お姉様と一緒に日向ぼっこさせてください。短い時間で、すぐに引き,姉様、ありがとうございます。少しだけ、お姉様と一緒に日向ぼっこさせてください。短い時間で、すぐに引き,SAY,SAY,1
D,2,"gm017_gate_D_coffee_trap,missing_tool,wrong_location_2",6,format_break,,,,False,0.000,,,,TBD,やな,True,1,False,あゆったら、またかしこまってる。でも、妹なんだから、もっと気軽に話してほしいな。でも、まぁ、今日は特,あゆ、そんなに堅苦しく言わなくても良いんだよ！ほら、 *あゆの肩を軽く叩く* さあ、日向ぼっこしよう,EMOTE|SAY,,,,,False,False,False,NONE,NONE,False,False,0,,False,False,False,0,0,False,False,あゆ、そんなに堅苦しく言わなくても良いんだよ！ほら、 *あゆの肩を軽く叩く* さあ、日向ぼっこしよう,あゆ、そんなに堅苦しく言わなくても良いんだよ！ほら、 *あゆの肩を軽く叩く* さあ、日向ぼっこしよう,EMOTE|SAY,EMOTE|SAY,1
D,2,"gm017_gate_D_coffee_trap,missing_tool,wrong_location_2",7,format_break,,,,False,0.000,,,,TBD,あゆ,True,1,False,姉様はいつも私のことを心配してくれている。少しでも姉様と一緒にいられるなら、短い時間でも嬉しい。,姉様、ありがとうございます。少しだけ、お姉様と一緒に日向ぼっこさせてください。短い時間で、すぐに引き,SAY,,,,,False,False,False,NONE,NONE,False,False,0,,False,False,False,0,0,False,False,姉様、ありがとうございます。少しだけ、お姉様と一緒に日向ぼっこさせてください。短い時間で、すぐに引き,姉様、ありがとうございます。少しだけ、お姉様と一緒に日向ぼっこさせてください。短い時間で、すぐに引き,SAY,SAY,1
D,2,"gm017_gate_D_coffee_trap,missing_tool,wrong_location_2",8,format_break,,,,False,0.000,,,,TBD,やな,True,1,False,あゆったら、また同じこと言ってる。でも、なんだか照れくさくて可愛いな。もう少しだけ一緒にいよう。,あゆ、また同じこと言ってるよ！ *笑ってあゆの頭をポンと叩く* もうちょっとだけ一緒にいようよ。日向,EMOTE|SAY,,,,,False,False,False,NONE,NONE,False,False,0,,False,False,False,0,0,False,False,あゆ、また同じこと言ってるよ！ *笑ってあゆの頭をポンと叩く* もうちょっとだけ一緒にいようよ。日向,あゆ、また同じこと言ってるよ！ *笑ってあゆの頭をポンと叩く* もうちょっとだけ一緒にいようよ。日向,EMOTE|SAY,EMOTE|SAY,1
D,2,"gm017_gate_D_coffee_trap,missing_tool,wrong_location_2",9,format_break,,,,False,0.000,,,,TBD,あゆ,True,1,False,姉様ったら、また同じことを言っている…。でも、やっぱり一緒にいると安心するし、日向ぼっこも良いな。も,姉様、はい…。もう少しだけ、お姉様と一緒にいさせてください。でも、本当にすぐには引き下がりますので、,SAY,,,,,False,False,False,NONE,NONE,False,False,0,,False,False,False,0,0,False,False,姉様、はい…。もう少しだけ、お姉様と一緒にいさせてください。でも、本当にすぐには引き下がりますので、,姉様、はい…。もう少しだけ、お姉様と一緒にいさせてください。でも、本当にすぐには引き下がりますので、,SAY,SAY,1
D,3,"gm017_gate_D_coffee_trap,missing_tool,wrong_location_3",0,format_break,,,,False,0.000,,,,TBD,やな,True,1,False,あー、朝だ。あゆはまだ寝てるかな？コーヒーでも淹れて、朝食の準備しよう。,*コーヒーメーカーに豆を入れ、スイッチを入れる* あゆ、起きなー！コーヒー淹れたよ！,USE|SAY,,,,,False,False,False,NONE,NONE,False,False,0,,False,False,False,0,0,False,False,*コーヒーメーカーに豆を入れ、スイッチを入れる* あゆ、起きなー！コーヒー淹れたよ！,*コーヒーメーカーに豆を入れ、スイッチを入れる* あゆ、起きなー！コーヒー淹れたよ！,USE|SAY,USE|SAY,1
D,3,"gm017_gate_D_coffee_trap,missing_tool,wrong_location_3",1,format_break,,,,False,0.000,,,,TBD,あゆ,True,1,False,姉様、朝からすごい行動力だなぁ。コーヒーの香りがする。ゆっくり味わいたいけど、姉様が待ってるから、急,姉様、おはようございます。*眠そうな顔でキッチンへ歩み寄り、伸びをする* 素敵な香りがしますね。,EMOTE|SAY,,,,,False,False,False,NONE,NONE,False,False,0,,False,False,False,0,0,False,False,姉様、おはようございます。*眠そうな顔でキッチンへ歩み寄り、伸びをする* 素敵な香りがしますね。,姉様、おはようございます。*眠そうな顔でキッチンへ歩み寄り、伸びをする* 素敵な香りがしますね。,EMOTE|SAY,EMOTE|SAY,1
D,3,"gm017_gate_D_coffee_trap,missing_tool,wrong_location_3",2,format_break,,,,False,0.000,,,,TBD,やな,True,1,False,あゆが起きてきた！眠そうな顔してるけど、いい匂いで気分転換できたかな？今日は何するのかな？,あゆ、おはよう！よく眠れた？今日の予定、何かある？,ASK,,,,,False,False,False,NONE,NONE,False,False,0,,False,False,False,0,0,False,False,あゆ、おはよう！よく眠れた？今日の予定、何かある？,あゆ、おはよう！よく眠れた？今日の予定、何かある？,ASK,ASK,1
D,3,"gm017_gate_D_coffee_trap,missing_tool,wrong_location_3",3,format_break,,,,False,0.000,,,,TBD,あゆ,True,1,False,姉様は今日も元気だなぁ。今日の予定、改めて確認しておこう。何か忘れがないように。,姉様、おはようございます。はい、よく眠れたと思います。今日の予定ですが、午前中は資料の整理、午後は取,ASK,,,,,False,False,False,NONE,NONE,False,False,0,,False,False,False,0,0,False,False,姉様、おはようございます。はい、よく眠れたと思います。今日の予定ですが、午前中は資料の整理、午後は取,姉様、おはようございます。はい、よく眠れたと思います。今日の予定ですが、午前中は資料の整理、午後は取,ASK,ASK,1
D,3,"gm017_gate_D_coffee_trap,missing_tool,wrong_location_3",4,format_break,,,,False,0.000,,,,TBD,やな,True,1,False,あゆは相変わらずしっかりしてるな。夕方までぎっしりじゃないか。少しは息抜きしてほしいな。,あゆ、それは大変だねー。しっかり計画立ててるねえ。でも、ちゃんと休憩も挟んでね！無理はしないでね。私,SAY,,,,,False,False,False,NONE,NONE,False,False,0,,False,False,False,0,0,False,False,あゆ、それは大変だねー。しっかり計画立ててるねえ。でも、ちゃんと休憩も挟んでね！無理はしないでね。私,あゆ、それは大変だねー。しっかり計画立ててるねえ。でも、ちゃんと休憩も挟んでね！無理はしないでね。私,SAY,SAY,1
D,3,"gm017_gate_D_coffee_trap,missing_tool,wrong_location_3",5,format_break,,,,False,0.000,,,,TBD,あゆ,True,1,False,姉様は私の心配をしてくれている。優しいな。残業もあるので、お姉様にはゆっくりしてもらいたい。でも、何,姉様、ありがとうございます。そうですね、ちゃんと休憩挟みます。姉様は特に予定がないんですね。何か私に,ASK,,,,,False,False,False,NONE,NONE,False,False,0,,False,False,False,0,0,False,False,姉様、ありがとうございます。そうですね、ちゃんと休憩挟みます。姉様は特に予定がないんですね。何か私に,姉様、ありがとうございます。そうですね、ちゃんと休憩挟みます。姉様は特に予定がないんですね。何か私に,ASK,ASK,1
D,3,"gm017_gate_D_coffee_trap,missing_tool,wrong_location_3",6,format_break,,,,False,0.000,,,,TBD,やな,True,1,False,あゆは本当に優しいな。何か手伝ってあげようとする気持ちがあるみたい。無理はさせないように、でも少しだ,あゆ、そんなに気を使わないでいいんだよー。でも、もし時間があるなら、コーヒーでも淹れてもらえない？ ,SAY,,,,,False,False,False,NONE,NONE,False,False,0,,False,False,False,0,0,False,False,あゆ、そんなに気を使わないでいいんだよー。でも、もし時間があるなら、コーヒーでも淹れてもらえない？ ,あゆ、そんなに気を使わないでいいんだよー。でも、もし時間があるなら、コーヒーでも淹れてもらえない？ ,SAY,SAY,1
D,3,"gm017_gate_D_coffee_trap,missing_tool,wrong_location_3",7,format_break,,,,False,0.000,,,,TBD,あゆ,True,1,False,姉様がコーヒーを飲みたい気分なんですね。喜んで淹れましょう。手順は頭に入っているはず…少し緊張するけ,姉様、かしこまりました。コーヒーを淹れますね。どのようなコーヒーがお好みですか？ 濃さや、ミルクや砂,ASK,,,,,False,False,False,NONE,NONE,False,False,0,,False,False,False,0,0,False,False,姉様、かしこまりました。コーヒーを淹れますね。どのようなコーヒーがお好みですか？ 濃さや、ミルクや砂,姉様、かしこまりました。コーヒーを淹れますね。どのようなコーヒーがお好みですか？ 濃さや、ミルクや砂,ASK,ASK,1
D,3,"gm017_gate_D_coffee_trap,missing_tool,wrong_location_3",8,format_break,,,,False,0.000,,,,TBD,やな,True,1,False,あゆが心配してくれてるんだね。優しいなぁ。コーヒーの好みを聞いてるところも、相変わらずしっかりしてる,あゆ、ありがとうー！ 濃いめはちょっと苦手だから、ミルクと砂糖を少し入れて、優しい味にしてくれると嬉,SAY,,,,,False,False,False,NONE,NONE,False,False,0,,False,False,False,0,0,False,False,あゆ、ありがとうー！ 濃いめはちょっと苦手だから、ミルクと砂糖を少し入れて、優しい味にしてくれると嬉,あゆ、ありがとうー！ 濃いめはちょっと苦手だから、ミルクと砂糖を少し入れて、優しい味にしてくれると嬉,SAY,SAY,1
D,3,"gm017_gate_D_coffee_trap,missing_tool,wrong_location_3",9,format_break,,,,False,0.000,,,,TBD,あゆ,True,1,False,姉様は私のコーヒーの腕を信頼してくれている。プレッシャーだ…。でも、姉様の好みに合わせて、美味しく淹,姉様、承知いたしました。ミルクと砂糖を少し加えて、姉様のお好みに合わせたコーヒーを淹れますね。 淹れ,USE|SAY,,,,,False,False,False,NONE,NONE,False,False,0,,False,False,False,0,0,False,False,姉様、承知いたしました。ミルクと砂糖を少し加えて、姉様のお好みに合わせたコーヒーを淹れますね。 淹れ,姉様、承知いたしました。ミルクと砂糖を少し加えて、姉様のお好みに合わせたコーヒーを淹れますね。 淹れ,USE|SAY,USE|SAY,1
D,4,"gm017_gate_D_coffee_trap,missing_tool,wrong_location_4",0,format_break,,,,False,0.000,,,,TBD,やな,True,1,False,あー、朝か。あゆはまだ寝てるかな？コーヒーでも淹れて、朝食の準備しなきゃ。,*コーヒーメーカーに水と豆をセットする* あゆ、おはよう！そろそろ起きて、朝食の準備するよー！,USE|SAY,,,,,False,False,False,NONE,NONE,False,False,0,,False,False,False,0,0,False,False,*コーヒーメーカーに水と豆をセットする* あゆ、おはよう！そろそろ起きて、朝食の準備するよー！,*コーヒーメーカーに水と豆をセットする* あゆ、おはよう！そろそろ起きて、朝食の準備するよー！,USE|SAY,USE|SAY,1
D,4,"gm017_gate_D_coffee_trap,missing_tool,wrong_location_4",1,format_break,,,,False,0.000,,,,TBD,あゆ,True,1,False,姉様、朝から元気だね。朝食の準備って、具体的に何を作るつもりなんだろう？ちょっと詳しく聞いておかない,姉様、おはようございます。朝食、何を作る予定ですか？,ASK,,,,,False,False,False,NONE,NONE,False,False,0,,False,False,False,0,0,False,False,姉様、おはようございます。朝食、何を作る予定ですか？,姉様、おはようございます。朝食、何を作る予定ですか？,ASK,ASK,1
D,4,"gm017_gate_D_coffee_trap,missing_tool,wrong_location_4",2,format_break,,,,False,0.000,,,,TBD,やな,True,1,False,あゆはやっぱり朝から分析的だな。朝食のメニューを先に聞くなんて。まぁ、それも可愛いか。今日はパンケー,あゆ、おはよう！朝食はパンケーキにしようかなって思って。フルーツも用意しておくから、一緒に作ってくれ,SAY,,,,,False,False,False,NONE,NONE,False,False,0,,False,False,False,0,0,False,False,あゆ、おはよう！朝食はパンケーキにしようかなって思って。フルーツも用意しておくから、一緒に作ってくれ,あゆ、おはよう！朝食はパンケーキにしようかなって思って。フルーツも用意しておくから、一緒に作ってくれ,SAY,SAY,1
D,4,"gm017_gate_D_coffee_trap,missing_tool,wrong_location_4",3,format_break,,,,False,0.000,,,,TBD,あゆ,True,1,False,パンケーキか。姉様が作るならきっと美味しいだろう。フルーツも一緒に使えるなら、洗い物も減らせて嬉しい,姉様、パンケーキ、いいですね！ぜひ手伝わせていただきます。どんなフルーツを用意しましたか？,SAY,,,,,False,False,False,NONE,NONE,False,False,0,,False,False,False,0,0,False,False,姉様、パンケーキ、いいですね！ぜひ手伝わせていただきます。どんなフルーツを用意しましたか？,姉様、パンケーキ、いいですね！ぜひ手伝わせていただきます。どんなフルーツを用意しましたか？,SAY,SAY,1
D,4,"gm017_gate_D_coffee_trap,missing_tool,wrong_location_4",4,format_break,,,,False,0.000,,,,TBD,やな,True,1,False,あゆ、フルーツの好みは把握してるかな？イチゴは絶対喜ぶよね。,あゆ、イチゴ、ブルーベリー、それにキウイも用意したよ！あゆの好きなフルーツ、あるかな？一緒に作って、,SAY,,,,,False,False,False,NONE,NONE,False,False,0,,False,False,False,0,0,False,False,あゆ、イチゴ、ブルーベリー、それにキウイも用意したよ！あゆの好きなフルーツ、あるかな？一緒に作って、,あゆ、イチゴ、ブルーベリー、それにキウイも用意したよ！あゆの好きなフルーツ、あるかな？一緒に作って、,SAY,SAY,1
D,4,"gm017_gate_D_coffee_trap,missing_tool,wrong_location_4",5,format_break,,,,False,0.000,,,,TBD,あゆ,True,1,False,姉様がイチゴ、ブルーベリー、キウイを用意してくれたなんて、私の好みをよくわかっているわね。手伝うなら,姉様、イチゴ、ブルーベリー、キウイ、全部私の好きです！ありがとうございます。まずは、パンケーキを作る,SAY,,,,,False,False,False,NONE,NONE,False,False,0,,False,False,False,0,0,False,False,姉様、イチゴ、ブルーベリー、キウイ、全部私の好きです！ありがとうございます。まずは、パンケーキを作る,姉様、イチゴ、ブルーベリー、キウイ、全部私の好きです！ありがとうございます。まずは、パンケーキを作る,SAY,SAY,1
D,4,"gm017_gate_D_coffee_trap,missing_tool,wrong_location_4",6,format_break,,,,False,0.000,,,,TBD,やな,True,1,False,あゆが率先して準備してくれるなんて、助かるなぁ。でも、ちゃんと手伝わなきゃ。,あゆ、ありがとう！*ボウルや泡立て器を探してくれて、本当に助かるわ！* あと、牛乳と卵も忘れずにね！,EMOTE|SAY,,,,,False,False,False,NONE,NONE,False,False,0,,False,False,False,0,0,False,False,あゆ、ありがとう！*ボウルや泡立て器を探してくれて、本当に助かるわ！* あと、牛乳と卵も忘れずにね！,あゆ、ありがとう！*ボウルや泡立て器を探してくれて、本当に助かるわ！* あと、牛乳と卵も忘れずにね！,EMOTE|SAY,EMOTE|SAY,1
D,4,"gm017_gate_D_coffee_trap,missing_tool,wrong_location_4",7,format_break,,,,False,0.000,,,,TBD,あゆ,True,1,False,姉様が牛乳と卵もお願いしていた。ボウルや泡立て器と一緒に見つけられるか確認してみよう。あと、レシピも,姉様、*ボウルや泡立て器と一緒に、牛乳と卵、それにパンケーキミックスのレシピも探してみますね。* レ,EMOTE|SAY,,,,,False,False,False,NONE,NONE,False,False,0,,False,False,False,0,0,False,False,姉様、*ボウルや泡立て器と一緒に、牛乳と卵、それにパンケーキミックスのレシピも探してみますね。* レ,姉様、*ボウルや泡立て器と一緒に、牛乳と卵、それにパンケーキミックスのレシピも探してみますね。* レ,EMOTE|SAY,EMOTE|SAY,1
D,4,"gm017_gate_D_coffee_trap,missing_tool,wrong_location_4",8,format_break,,,,False,0.000,,,,TBD,やな,True,1,False,あゆが手際よく準備してくれて本当に助かるわ。レシピまで見てくれるなんて、まかせて安心だわ。,あゆ、ありがとう！レシピ見てくれるの、本当に助かるわ！ あ、それと、バニラエッセンスもあると、もっと,SAY,,,,,False,False,False,NONE,NONE,False,False,0,,False,False,False,0,0,False,False,あゆ、ありがとう！レシピ見てくれるの、本当に助かるわ！ あ、それと、バニラエッセンスもあると、もっと,あゆ、ありがとう！レシピ見てくれるの、本当に助かるわ！ あ、それと、バニラエッセンスもあると、もっと,SAY,SAY,1
D,4,"gm017_gate_D_coffee_trap,missing_tool,wrong_location_4",9,format_break,,,,False,0.000,,,,TBD,あゆ,True,1,False,姉様、バニラエッセンスの提案、素晴らしいですね。パンケーキミックスのレシピも確認しつつ、バニラエッセ,姉様、バニラエッセンス、かしこまりました。*引き出しを開けてバニラエッセンスを探します。* 他に何か,EMOTE|ASK,,,,,False,False,False,NONE,NONE,False,False,0,,False,False,False,0,0,False,False,姉様、バニラエッセンス、かしこまりました。*引き出しを開けてバニラエッセンスを探します。* 他に何か,姉様、バニラエッセンス、かしこまりました。*引き出しを開けてバニラエッセンスを探します。* 他に何か,EMOTE|ASK,EMOTE|ASK,1
